Workbook

Sheet Read Me
B2: Corrected & Restructured fsQCA Dataset
B3: Supply Chain Resilience in Semiconductor Firms — Methodological Demonstration
B6: IMPORTANT — ACADEMIC INTEGRITY NOTICE
B7: This workbook contains SIMULATED values for 5 of 6 causal conditions and for the outcome (Supply Chain Resilience), generated to demonstrate what a properly varying, methodologically sound fsQCA dataset would look like. These simulated figures are NOT real observations.
B8: Do NOT present this data as empirical findings in a published paper or thesis. Doing so would constitute data fabrication. Use this workbook only as: (a) a template showing the target structure and variance a real dataset needs, or (b) a guide for what to re-measure / re-collect in the field.
B10: WHAT WAS WRONG WITH THE ORIGINAL DATASET
B11: 1. Cases were firm-years (n=125), but 5 of 6 conditions never changed within a firm across the 5 years -> effectively only ~25 independent cases repeated 5x each (pseudo-replication).
B12: 2. AI Governance, Sustainable Sourcing, Digital Visibility, Supplier Collaboration and Supplier Diversification varied by only ~0.03-0.04 units across all 25 firms -> almost no real between-firm differentiation.
B13: 3. The outcome (SC_Resilience) varied almost entirely WITHIN firms across years (real signal) but had ~zero variance BETWEEN firms -> collapsing straight to firm-level would have erased nearly all outcome variation.
B14: 4. Combined with (2), fuzzy scores clustered right at the 0.50 crossover for many firms, making the 0/1 truth-table coding for those firms essentially arbitrary.
B15: 5. Result: only 8 of 64 possible configurations were empirically observed, with 80% of cases packed into just 2 configurations, and only 5 of 25 real firms were behaviourally distinct.
B17: WHAT WAS CHANGED
... B27: Blue text = simulated / adjusted values (illustrative only — see notice above).

Sheet Firm-Level Dataset
A1: Company | B1: Ticker | C1: Subsector | D1: AI_Governance | E1: AI_Capability | F1: Sustainable_Sourcing | G1: Digital_Visibility | H1: Supplier_Collaboration | I1: Supplier_Diversification | J1: SC_Resilience
A2: - | B2: - | C2: - | D2: SIM | E2: ORIG (avg 5yr) | F2: SIM | G2: SIM | H2: SIM | I2: SIM | J2: SIM
A3: ASML Holding N.V. | B3: ASML | C3: Equipment | D3: 4.6 | E3: 5.943 | F3: 3.546 | G3: 3.353 | H3: 4.964 | I3: 3.285 | J3: 6.707
A4: Advanced Micro Devices | B4: AMD | C4: Fabless | D4: 4.292 | E4: 6.277 | F4: 3.871 | G4: 3.678 | H4: 3.451 | I4: 3.61 | J4: 6.511
A5: Analog Devices | B5: ADI | C5: Analog/IDM | D5: 4.707 | E5: 5.669 | F5: 4.286 | G5: 4.186 | H5: 3.76 | I5: 4.025 | J5: 6.715
A6: Applied Materials | B6: AMAT | C6: Equipment | D6: 4.8 | E6: 5.915 | F6: 4.379 | G6: 4.27 | H6: 3.867 | I6: 4.118 | J6: 7.075
A7: Broadcom Inc. | B7: AVGO | C7: Fabless | D7: 6.135 | E7: 5.748 | F7: 5.584 | G7: 5.39 | H7: 5.295 | I7: 5.323 | J7: 6.918
A8: Infineon Technologies | B8: IFNNY | C8: Automotive/IDM | D8: 4.884 | E8: 6.161 | F8: 4.463 | G8: 4.347 | H8: 3.96 | I8: 4.202 | J8: 6.641
A9: Intel Corporation | B9: INTC | C9: IDM | D9: 4.961 | E9: 5.792 | F9: 4.54 | G9: 4.42 | H9: 4.044 | I9: 4.28 | J9: 7.111
A10: KLA Corporation | B10: KLAC | C10: Equipment | D10: 5.034 | E10: 5.843 | F10: 4.613 | G10: 4.49 | H10: 4.121 | I10: 4.352 | J10: 6.905
A11: Lam Research | B11: LRCX | C11: Equipment | D11: 5.104 | E11: 6.284 | F11: 4.683 | G11: 4.557 | H11: 4.194 | I11: 4.422 | J11: 6.676
A12: Marvell Technology | B12: MRVL | C12: Fabless | D12: 5.501 | E12: 6.161 | F12: 4.75 | G12: 5.029 | H12: 4.661 | I12: 4.489 | J12: 7.049
A13: Microchip Technology | B13: MCHP | C13: IDM | D13: 5.57 | E13: 6.161 | F13: 4.816 | G13: 5.106 | H13: 4.73 | I13: 4.555 | J13: 6.77
A14: Micron Technology | B14: MU | C14: IDM Memory | D14: 5.643 | E14: 5.746 | F14: 4.881 | G14: 5.19 | H14: 4.803 | I14: 4.62 | J14: 6.681
... A27: Western Digital | B27: WDC | C27: Storage/IDM | D27: 5.804 | E27: 5.962 | F27: 5.476 | G27: 4.093 | H27: 4.593 | I27: 5.215 | J27: 6.716

Sheet Fuzzy Calibration
B2: Calibration Anchors (theory-based: sample mean ± 1.5 SD, NOT raw percentiles)
B3: Full non-membership = mean − 1.5×SD | Crossover = mean | Full membership = mean + 1.5×SD
B5: Condition | C5: Full Non-Membership (0.05) | D5: Crossover (0.50) | E5: Full Membership (0.95)
B6: AI_Governance | C6: =AVERAGE('Firm-Level Dataset'!D3:D27)-1.5*STDEV('Firm-Level Dataset'!D3:D27) -> 4.3319637 | D6: =AVERAGE('Firm-Level Dataset'!D3:D27) -> 5.30224 | E6: =AVERAGE('Firm-Level Dataset'!D3:D27)+1.5*STDEV('Firm-Level Dataset'!D3:D27) -> 6.2725163
B7: AI_Capability | C7: =AVERAGE('Firm-Level Dataset'!E3:E27)-1.5*STDEV('Firm-Level Dataset'!E3:E27) -> 5.6874083 | D7: =AVERAGE('Firm-Level Dataset'!E3:E27) -> 5.98064 | E7: =AVERAGE('Firm-Level Dataset'!E3:E27)+1.5*STDEV('Firm-Level Dataset'!E3:E27) -> 6.2738717
B8: Sustainable_Sourcing | C8: =AVERAGE('Firm-Level Dataset'!F3:F27)-1.5*STDEV('Firm-Level Dataset'!F3:F27) -> 3.9109637 | D8: =AVERAGE('Firm-Level Dataset'!F3:F27) -> 4.88124 | E8: =AVERAGE('Firm-Level Dataset'!F3:F27)+1.5*STDEV('Firm-Level Dataset'!F3:F27) -> 5.8515163
B9: Digital_Visibility | C9: =AVERAGE('Firm-Level Dataset'!G3:G27)-1.5*STDEV('Firm-Level Dataset'!G3:G27) -> 3.7179647 | D9: =AVERAGE('Firm-Level Dataset'!G3:G27) -> 4.68812 | E9: =AVERAGE('Firm-Level Dataset'!G3:G27)+1.5*STDEV('Firm-Level Dataset'!G3:G27) -> 5.6582753
B10: Supplier_Collaboration | C10: =AVERAGE('Firm-Level Dataset'!H3:H27)-1.5*STDEV('Firm-Level Dataset'!H3:H27) -> 3.4917342 | D10: =AVERAGE('Firm-Level Dataset'!H3:H27) -> 4.462 | E10: =AVERAGE('Firm-Level Dataset'!H3:H27)+1.5*STDEV('Firm-Level Dataset'!H3:H27) -> 5.4322658
B11: Supplier_Diversification | C11: =AVERAGE('Firm-Level Dataset'!I3:I27)-1.5*STDEV('Firm-Level Dataset'!I3:I27) -> 3.6500366 | D11: =AVERAGE('Firm-Level Dataset'!I3:I27) -> 4.62028 | E11: =AVERAGE('Firm-Level Dataset'!I3:I27)+1.5*STDEV('Firm-Level Dataset'!I3:I27) -> 5.5905234
B12: SC_Resilience | C12: =AVERAGE('Firm-Level Dataset'!J3:J27)-1.5*STDEV('Firm-Level Dataset'!J3:J27) -> 6.3496261 | D12: =AVERAGE('Firm-Level Dataset'!J3:J27) -> 6.75224 | E12: =AVERAGE('Firm-Level Dataset'!J3:J27)+1.5*STDEV('Firm-Level Dataset'!J3:J27) -> 7.1548539
B14: Calibrated Fuzzy-Set Membership Scores (live formulas — direct method / log-odds)
B15: Company | C15: fz_AI_Governance | D15: fz_AI_Capability | E15: fz_Sustainable_Sourcing | F15: fz_Digital_Visibility | G15: fz_Supplier_Collaboration | H15: fz_Supplier_Diversification | I15: fz_SC_Resilience
B16: ='Firm-Level Dataset'!A3 -> ASML Holding N.V. | C16: =IF('Firm-Level Dataset'!D3>=$D$6,1/(1+EXP(-(LN(19)/($E$6-$D$6))*('Firm-Level Dataset'!D3-$D$6))),1/(1+EXP(-(LN(19)/($D$6-$C$6))*('Firm-Level Dataset'!D3-$D$6)))) -> 0.10611579 | D16: =IF('Firm-Level Dataset'!E3>=$D$7,1/(1+EXP(-(LN(19)/($E$7-$D$7))*('Firm-Level Dataset'!E3-$D$7))),1/(1+EXP(-(LN(19)/($D$7-$C$7))*('Firm-Level Dataset'!E3-$D$7)))) -> 0.40661999 | E16: =IF('Firm-Level Dataset'!F3>=$D$8,1/(1+EXP(-(LN(19)/($E$8-$D$8))*('Firm-Level Dataset'!F3-$D$8))),1/(1+EXP(-(LN(19)/($D$8-$C$8))*('Firm-Level Dataset'!F3-$D$8)))) -> 0.017090868 | F16: =IF('Firm-Level Dataset'!G3>=$D$9,1/(1+EXP(-(LN(19)/($E$9-$D$9))*('Firm-Level Dataset'!G3-$D$9))),1/(1+EXP(-(LN(19)/($D$9-$C$9))*('Firm-Level Dataset'!G3-$D$9)))) -> 0.017088498 | G16: =IF('Firm-Level Dataset'!H3>=$D$10,1/(1+EXP(-(LN(19)/($E$10-$D$10))*('Firm-Level Dataset'!H3-$D$10))),1/(1+EXP(-(LN(19)/($D$10-$C$10))*('Firm-Level Dataset'!H3-$D$10)))) -> 0.82103942 | H16: =IF('Firm-Level Dataset'!I3>=$D$11,1/(1+EXP(-(LN(19)/($E$11-$D$11))*('Firm-Level Dataset'!I3-$D$11))),1/(1+EXP(-(LN(19)/($D$11-$C$11))*('Firm-Level Dataset'!I3-$D$11)))) -> 0.017086519 | I16: =IF('Firm-Level Dataset'!J3>=$D$12,1/(1+EXP(-(LN(19)/($E$12-$D$12))*('Firm-Level Dataset'!J3-$D$12))),1/(1+EXP(-(LN(19)/($D$12-$C$12))*('Firm-Level Dataset'!J3-$D$12)))) -> 0.41803284
B17: ='Firm-Level Dataset'!A4 -> Advanced Micro Devices | C17: =IF('Firm-Level Dataset'!D4>=$D$6,1/(1+EXP(-(LN(19)/($E$6-$D$6))*('Firm-Level Dataset'!D4-$D$6))),1/(1+EXP(-(LN(19)/($D$6-$C$6))*('Firm-Level Dataset'!D4-$D$6)))) -> 0.044543862 | D17: =IF('Firm-Level Dataset'!E4>=$D$7,1/(1+EXP(-(LN(19)/($E$7-$D$7))*('Firm-Level Dataset'!E4-$D$7))),1/(1+EXP(-(LN(19)/($D$7-$C$7))*('Firm-Level Dataset'!E4-$D$7)))) -> 0.95147115 | E17: =IF('Firm-Level Dataset'!F4>=$D$8,1/(1+EXP(-(LN(19)/($E$8-$D$8))*('Firm-Level Dataset'!F4-$D$8))),1/(1+EXP(-(LN(19)/($D$8-$C$8))*('Firm-Level Dataset'!F4-$D$8)))) -> 0.044543862 | F17: =IF('Firm-Level Dataset'!G4>=$D$9,1/(1+EXP(-(LN(19)/($E$9-$D$9))*('Firm-Level Dataset'!G4-$D$9))),1/(1+EXP(-(LN(19)/($D$9-$C$9))*('Firm-Level Dataset'!G4-$D$9)))) -> 0.044543093 | G17: =IF('Firm-Level Dataset'!H4>=$D$10,1/(1+EXP(-(LN(19)/($E$10-$D$10))*('Firm-Level Dataset'!H4-$D$10))),1/(1+EXP(-(LN(19)/($D$10-$C$10))*('Firm-Level Dataset'!H4-$D$10)))) -> 0.044444404 | H17: =IF('Firm-Level Dataset'!I4>=$D$11,1/(1+EXP(-(LN(19)/($E$11-$D$11))*('Firm-Level Dataset'!I4-$D$11))),1/(1+EXP(-(LN(19)/($D$11-$C$11))*('Firm-Level Dataset'!I4-$D$11)))) -> 0.044534269 | I17: =IF('Firm-Level Dataset'!J4>=$D$12,1/(1+EXP(-(LN(19)/($E$12-$D$12))*('Firm-Level Dataset'!J4-$D$12))),1/(1+EXP(-(LN(19)/($D$12-$C$12))*('Firm-Level Dataset'!J4-$D$12)))) -> 0.14625732
B18: ='Firm-Level Dataset'!A5 -> Analog Devices | C18: =IF('Firm-Level Dataset'!D5>=$D$6,1/(1+EXP(-(LN(19)/($E$6-$D$6))*('Firm-Level Dataset'!D5-$D$6))),1/(1+EXP(-(LN(19)/($D$6-$C$6))*('Firm-Level Dataset'!D5-$D$6)))) -> 0.14108118 | D18: =IF('Firm-Level Dataset'!E5>=$D$7,1/(1+EXP(-(LN(19)/($E$7-$D$7))*('Firm-Level Dataset'!E5-$D$7))),1/(1+EXP(-(LN(19)/($D$7-$C$7))*('Firm-Level Dataset'!E5-$D$7)))) -> 0.041915409 | E18: =IF('Firm-Level Dataset'!F5>=$D$8,1/(1+EXP(-(LN(19)/($E$8-$D$8))*('Firm-Level Dataset'!F5-$D$8))),1/(1+EXP(-(LN(19)/($D$8-$C$8))*('Firm-Level Dataset'!F5-$D$8)))) -> 0.14108118 | F18: =IF('Firm-Level Dataset'!G5>=$D$9,1/(1+EXP(-(LN(19)/($E$9-$D$9))*('Firm-Level Dataset'!G5-$D$9))),1/(1+EXP(-(LN(19)/($D$9-$C$9))*('Firm-Level Dataset'!G5-$D$9)))) -> 0.17888158 | G18: =IF('Firm-Level Dataset'!H5>=$D$10,1/(1+EXP(-(LN(19)/($E$10-$D$10))*('Firm-Level Dataset'!H5-$D$10))),1/(1+EXP(-(LN(19)/($D$10-$C$10))*('Firm-Level Dataset'!H5-$D$10)))) -> 0.10618271 | H18: =IF('Firm-Level Dataset'!I5>=$D$11,1/(1+EXP(-(LN(19)/($E$11-$D$11))*('Firm-Level Dataset'!I5-$D$11))),1/(1+EXP(-(LN(19)/($D$11-$C$11))*('Firm-Level Dataset'!I5-$D$11)))) -> 0.14105904 | I18: =IF('Firm-Level Dataset'!J5>=$D$12,1/(1+EXP(-(LN(19)/($E$12-$D$12))*('Firm-Level Dataset'!J5-$D$12))),1/(1+EXP(-(LN(19)/($D$12-$C$12))*('Firm-Level Dataset'!J5-$D$12)))) -> 0.43233086
B19: ='Firm-Level Dataset'!A6 -> Applied Materials | C19: =IF('Firm-Level Dataset'!D6>=$D$6,1/(1+EXP(-(LN(19)/($E$6-$D$6))*('Firm-Level Dataset'!D6-$D$6))),1/(1+EXP(-(LN(19)/($D$6-$C$6))*('Firm-Level Dataset'!D6-$D$6)))) -> 0.178856 | D19: =IF('Firm-Level Dataset'!E6>=$D$7,1/(1+EXP(-(LN(19)/($E$7-$D$7))*('Firm-Level Dataset'!E6-$D$7))),1/(1+EXP(-(LN(19)/($D$7-$C$7))*('Firm-Level Dataset'!E6-$D$7)))) -> 0.3409388 | E19: =IF('Firm-Level Dataset'!F6>=$D$8,1/(1+EXP(-(LN(19)/($E$8-$D$8))*('Firm-Level Dataset'!F6-$D$8))),1/(1+EXP(-(LN(19)/($D$8-$C$8))*('Firm-Level Dataset'!F6-$D$8)))) -> 0.178856 | F19: =IF('Firm-Level Dataset'!G6>=$D$9,1/(1+EXP(-(LN(19)/($E$9-$D$9))*('Firm-Level Dataset'!G6-$D$9))),1/(1+EXP(-(LN(19)/($D$9-$C$9))*('Firm-Level Dataset'!G6-$D$9)))) -> 0.21942818 | G19: =IF('Firm-Level Dataset'!H6>=$D$10,1/(1+EXP(-(LN(19)/($E$10-$D$10))*('Firm-Level Dataset'!H6-$D$10))),1/(1+EXP(-(LN(19)/($D$10-$C$10))*('Firm-Level Dataset'!H6-$D$10)))) -> 0.14116709 | H19: =IF('Firm-Level Dataset'!I6>=$D$11,1/(1+EXP(-(LN(19)/($E$11-$D$11))*('Firm-Level Dataset'!I6-$D$11))),1/(1+EXP(-(LN(19)/($D$11-$C$11))*('Firm-Level Dataset'!I6-$D$11)))) -> 0.17883058 | I19: =IF('Firm-Level Dataset'!J6>=$D$12,1/(1+EXP(-(LN(19)/($E$12-$D$12))*('Firm-Level Dataset'!J6-$D$12))),1/(1+EXP(-(LN(19)/($D$12-$C$12))*('Firm-Level Dataset'!J6-$D$12)))) -> 0.91376073
B20: ='Firm-Level Dataset'!A7 -> Broadcom Inc. | C20: =IF('Firm-Level Dataset'!D7>=$D$6,1/(1+EXP(-(LN(19)/($E$6-$D$6))*('Firm-Level Dataset'!D7-$D$6))),1/(1+EXP(-(LN(19)/($D$6-$C$6))*('Firm-Level Dataset'!D7-$D$6)))) -> 0.92602175 | D20: =IF('Firm-Level Dataset'!E7>=$D$7,1/(1+EXP(-(LN(19)/($E$7-$D$7))*('Firm-Level Dataset'!E7-$D$7))),1/(1+EXP(-(LN(19)/($D$7-$C$7))*('Firm-Level Dataset'!E7-$D$7)))) -> 0.088183664 | E20: =IF('Firm-Level Dataset'!F7>=$D$8,1/(1+EXP(-(LN(19)/($E$8-$D$8))*('Firm-Level Dataset'!F7-$D$8))),1/(1+EXP(-(LN(19)/($D$8-$C$8))*('Firm-Level Dataset'!F7-$D$8)))) -> 0.8940338 | F20: =IF('Firm-Level Dataset'!G7>=$D$9,1/(1+EXP(-(LN(19)/($E$9-$D$9))*('Firm-Level Dataset'!G7-$D$9))),1/(1+EXP(-(LN(19)/($D$9-$C$9))*('Firm-Level Dataset'!G7-$D$9)))) -> 0.89380576 | G20: =IF('Firm-Level Dataset'!H7>=$D$10,1/(1+EXP(-(LN(19)/($E$10-$D$10))*('Firm-Level Dataset'!H7-$D$10))),1/(1+EXP(-(LN(19)/($D$10-$C$10))*('Firm-Level Dataset'!H7-$D$10)))) -> 0.9260735 | H20: =IF('Firm-Level Dataset'!I7>=$D$11,1/(1+EXP(-(LN(19)/($E$11-$D$11))*('Firm-Level Dataset'!I7-$D$11))),1/(1+EXP(-(LN(19)/($D$11-$C$11))*('Firm-Level Dataset'!I7-$D$11)))) -> 0.89402916 | I20: =IF('Firm-Level Dataset'!J7>=$D$12,1/(1+EXP(-(LN(19)/($E$12-$D$12))*('Firm-Level Dataset'!J7-$D$12))),1/(1+EXP(-(LN(19)/($D$12-$C$12))*('Firm-Level Dataset'!J7-$D$12)))) -> 0.7706975
B21: ='Firm-Level Dataset'!A8 -> Infineon Technologies | C21: =IF('Firm-Level Dataset'!D8>=$D$6,1/(1+EXP(-(LN(19)/($E$6-$D$6))*('Firm-Level Dataset'!D8-$D$6))),1/(1+EXP(-(LN(19)/($D$6-$C$6))*('Firm-Level Dataset'!D8-$D$6)))) -> 0.2193929 | D21: =IF('Firm-Level Dataset'!E8>=$D$7,1/(1+EXP(-(LN(19)/($E$7-$D$7))*('Firm-Level Dataset'!E8-$D$7))),1/(1+EXP(-(LN(19)/($D$7-$C$7))*('Firm-Level Dataset'!E8-$D$7)))) -> 0.85948942 | E21: =IF('Firm-Level Dataset'!F8>=$D$8,1/(1+EXP(-(LN(19)/($E$8-$D$8))*('Firm-Level Dataset'!F8-$D$8))),1/(1+EXP(-(LN(19)/($D$8-$C$8))*('Firm-Level Dataset'!F8-$D$8)))) -> 0.2193929 | F21: =IF('Firm-Level Dataset'!G8>=$D$9,1/(1+EXP(-(LN(19)/($E$9-$D$9))*('Firm-Level Dataset'!G8-$D$9))),1/(1+EXP(-(LN(19)/($D$9-$C$9))*('Firm-Level Dataset'!G8-$D$9)))) -> 0.26205684 | G21: =IF('Firm-Level Dataset'!H8>=$D$10,1/(1+EXP(-(LN(19)/($E$10-$D$10))*('Firm-Level Dataset'!H8-$D$10))),1/(1+EXP(-(LN(19)/($D$10-$C$10))*('Firm-Level Dataset'!H8-$D$10)))) -> 0.17896058 | H21: =IF('Firm-Level Dataset'!I8>=$D$11,1/(1+EXP(-(LN(19)/($E$11-$D$11))*('Firm-Level Dataset'!I8-$D$11))),1/(1+EXP(-(LN(19)/($D$11-$C$11))*('Firm-Level Dataset'!I8-$D$11)))) -> 0.21936474 | I21: =IF('Firm-Level Dataset'!J8>=$D$12,1/(1+EXP(-(LN(19)/($E$12-$D$12))*('Firm-Level Dataset'!J8-$D$12))),1/(1+EXP(-(LN(19)/($D$12-$C$12))*('Firm-Level Dataset'!J8-$D$12)))) -> 0.30713829
B22: ='Firm-Level Dataset'!A9 -> Intel Corporation | C22: =IF('Firm-Level Dataset'!D9>=$D$6,1/(1+EXP(-(LN(19)/($E$6-$D$6))*('Firm-Level Dataset'!D9-$D$6))),1/(1+EXP(-(LN(19)/($D$6-$C$6))*('Firm-Level Dataset'!D9-$D$6)))) -> 0.26201138 | D22: =IF('Firm-Level Dataset'!E9>=$D$7,1/(1+EXP(-(LN(19)/($E$7-$D$7))*('Firm-Level Dataset'!E9-$D$7))),1/(1+EXP(-(LN(19)/($D$7-$C$7))*('Firm-Level Dataset'!E9-$D$7)))) -> 0.13076656 | E22: =IF('Firm-Level Dataset'!F9>=$D$8,1/(1+EXP(-(LN(19)/($E$8-$D$8))*('Firm-Level Dataset'!F9-$D$8))),1/(1+EXP(-(LN(19)/($D$8-$C$8))*('Firm-Level Dataset'!F9-$D$8)))) -> 0.26201138 | F22: =IF('Firm-Level Dataset'!G9>=$D$9,1/(1+EXP(-(LN(19)/($E$9-$D$9))*('Firm-Level Dataset'!G9-$D$9))),1/(1+EXP(-(LN(19)/($D$9-$C$9))*('Firm-Level Dataset'!G9-$D$9)))) -> 0.30709217 | G22: =IF('Firm-Level Dataset'!H9>=$D$10,1/(1+EXP(-(LN(19)/($E$10-$D$10))*('Firm-Level Dataset'!H9-$D$10))),1/(1+EXP(-(LN(19)/($D$10-$C$10))*('Firm-Level Dataset'!H9-$D$10)))) -> 0.21951532 | H22: =IF('Firm-Level Dataset'!I9>=$D$11,1/(1+EXP(-(LN(19)/($E$11-$D$11))*('Firm-Level Dataset'!I9-$D$11))),1/(1+EXP(-(LN(19)/($D$11-$C$11))*('Firm-Level Dataset'!I9-$D$11)))) -> 0.26256829 | I22: =IF('Firm-Level Dataset'!J9>=$D$12,1/(1+EXP(-(LN(19)/($E$12-$D$12))*('Firm-Level Dataset'!J9-$D$12))),1/(1+EXP(-(LN(19)/($D$12-$C$12))*('Firm-Level Dataset'!J9-$D$12)))) -> 0.93237278
B23: ='Firm-Level Dataset'!A10 -> KLA Corporation | C23: =IF('Firm-Level Dataset'!D10>=$D$6,1/(1+EXP(-(LN(19)/($E$6-$D$6))*('Firm-Level Dataset'!D10-$D$6))),1/(1+EXP(-(LN(19)/($D$6-$C$6))*('Firm-Level Dataset'!D10-$D$6)))) -> 0.30703627 | D23: =IF('Firm-Level Dataset'!E10>=$D$7,1/(1+EXP(-(LN(19)/($E$7-$D$7))*('Firm-Level Dataset'!E10-$D$7))),1/(1+EXP(-(LN(19)/($D$7-$C$7))*('Firm-Level Dataset'!E10-$D$7)))) -> 0.20067359 | E23: =IF('Firm-Level Dataset'!F10>=$D$8,1/(1+EXP(-(LN(19)/($E$8-$D$8))*('Firm-Level Dataset'!F10-$D$8))),1/(1+EXP(-(LN(19)/($D$8-$C$8))*('Firm-Level Dataset'!F10-$D$8)))) -> 0.30703627 | F23: =IF('Firm-Level Dataset'!G10>=$D$9,1/(1+EXP(-(LN(19)/($E$9-$D$9))*('Firm-Level Dataset'!G10-$D$9))),1/(1+EXP(-(LN(19)/($D$9-$C$9))*('Firm-Level Dataset'!G10-$D$9)))) -> 0.35404683 | G23: =IF('Firm-Level Dataset'!H10>=$D$10,1/(1+EXP(-(LN(19)/($E$10-$D$10))*('Firm-Level Dataset'!H10-$D$10))),1/(1+EXP(-(LN(19)/($D$10-$C$10))*('Firm-Level Dataset'!H10-$D$10)))) -> 0.26215007 | H23: =IF('Firm-Level Dataset'!I10>=$D$11,1/(1+EXP(-(LN(19)/($E$11-$D$11))*('Firm-Level Dataset'!I10-$D$11))),1/(1+EXP(-(LN(19)/($D$11-$C$11))*('Firm-Level Dataset'!I10-$D$11)))) -> 0.30700457 | I23: =IF('Firm-Level Dataset'!J10>=$D$12,1/(1+EXP(-(LN(19)/($E$12-$D$12))*('Firm-Level Dataset'!J10-$D$12))),1/(1+EXP(-(LN(19)/($D$12-$C$12))*('Firm-Level Dataset'!J10-$D$12)))) -> 0.75346542
B24: ='Firm-Level Dataset'!A11 -> Lam Research | C24: =IF('Firm-Level Dataset'!D11>=$D$6,1/(1+EXP(-(LN(19)/($E$6-$D$6))*('Firm-Level Dataset'!D11-$D$6))),1/(1+EXP(-(LN(19)/($D$6-$C$6))*('Firm-Level Dataset'!D11-$D$6)))) -> 0.3539807 | D24: =IF('Firm-Level Dataset'!E11>=$D$7,1/(1+EXP(-(LN(19)/($E$7-$D$7))*('Firm-Level Dataset'!E11-$D$7))),1/(1+EXP(-(LN(19)/($D$7-$C$7))*('Firm-Level Dataset'!E11-$D$7)))) -> 0.9546156 | E24: =IF('Firm-Level Dataset'!F11>=$D$8,1/(1+EXP(-(LN(19)/($E$8-$D$8))*('Firm-Level Dataset'!F11-$D$8))),1/(1+EXP(-(LN(19)/($D$8-$C$8))*('Firm-Level Dataset'!F11-$D$8)))) -> 0.3539807 | F24: =IF('Firm-Level Dataset'!G11>=$D$9,1/(1+EXP(-(LN(19)/($E$9-$D$9))*('Firm-Level Dataset'!G11-$D$9))),1/(1+EXP(-(LN(19)/($D$9-$C$9))*('Firm-Level Dataset'!G11-$D$9)))) -> 0.40180459 | G24: =IF('Firm-Level Dataset'!H11>=$D$10,1/(1+EXP(-(LN(19)/($E$10-$D$10))*('Firm-Level Dataset'!H11-$D$10))),1/(1+EXP(-(LN(19)/($D$10-$C$10))*('Firm-Level Dataset'!H11-$D$10)))) -> 0.30718939 | H24: =IF('Firm-Level Dataset'!I11>=$D$11,1/(1+EXP(-(LN(19)/($E$11-$D$11))*('Firm-Level Dataset'!I11-$D$11))),1/(1+EXP(-(LN(19)/($D$11-$C$11))*('Firm-Level Dataset'!I11-$D$11)))) -> 0.35394827 | I24: =IF('Firm-Level Dataset'!J11>=$D$12,1/(1+EXP(-(LN(19)/($E$12-$D$12))*('Firm-Level Dataset'!J11-$D$12))),1/(1+EXP(-(LN(19)/($D$12-$C$12))*('Firm-Level Dataset'!J11-$D$12)))) -> 0.3641107
B25: ='Firm-Level Dataset'!A12 -> Marvell Technology | C25: =IF('Firm-Level Dataset'!D12>=$D$6,1/(1+EXP(-(LN(19)/($E$6-$D$6))*('Firm-Level Dataset'!D12-$D$6))),1/(1+EXP(-(LN(19)/($D$6-$C$6))*('Firm-Level Dataset'!D12-$D$6)))) -> 0.64638007 | D25: =IF('Firm-Level Dataset'!E12>=$D$7,1/(1+EXP(-(LN(19)/($E$7-$D$7))*('Firm-Level Dataset'!E12-$D$7))),1/(1+EXP(-(LN(19)/($D$7-$C$7))*('Firm-Level Dataset'!E12-$D$7)))) -> 0.85948942 | E25: =IF('Firm-Level Dataset'!F12>=$D$8,1/(1+EXP(-(LN(19)/($E$8-$D$8))*('Firm-Level Dataset'!F12-$D$8))),1/(1+EXP(-(LN(19)/($D$8-$C$8))*('Firm-Level Dataset'!F12-$D$8)))) -> 0.40172899 | F25: =IF('Firm-Level Dataset'!G12>=$D$9,1/(1+EXP(-(LN(19)/($E$9-$D$9))*('Firm-Level Dataset'!G12-$D$9))),1/(1+EXP(-(LN(19)/($D$9-$C$9))*('Firm-Level Dataset'!G12-$D$9)))) -> 0.73780228 | G25: =IF('Firm-Level Dataset'!H12>=$D$10,1/(1+EXP(-(LN(19)/($E$10-$D$10))*('Firm-Level Dataset'!H12-$D$10))),1/(1+EXP(-(LN(19)/($D$10-$C$10))*('Firm-Level Dataset'!H12-$D$10)))) -> 0.64654802 | H25: =IF('Firm-Level Dataset'!I12>=$D$11,1/(1+EXP(-(LN(19)/($E$11-$D$11))*('Firm-Level Dataset'!I12-$D$11))),1/(1+EXP(-(LN(19)/($D$11-$C$11))*('Firm-Level Dataset'!I12-$D$11)))) -> 0.40169657 | I25: =IF('Firm-Level Dataset'!J12>=$D$12,1/(1+EXP(-(LN(19)/($E$12-$D$12))*('Firm-Level Dataset'!J12-$D$12))),1/(1+EXP(-(LN(19)/($D$12-$C$12))*('Firm-Level Dataset'!J12-$D$12)))) -> 0.89755029
B26: ='Firm-Level Dataset'!A13 -> Microchip Technology | C26: =IF('Firm-Level Dataset'!D13>=$D$6,1/(1+EXP(-(LN(19)/($E$6-$D$6))*('Firm-Level Dataset'!D13-$D$6))),1/(1+EXP(-(LN(19)/($D$6-$C$6))*('Firm-Level Dataset'!D13-$D$6)))) -> 0.69265372 | D26: =IF('Firm-Level Dataset'!E13>=$D$7,1/(1+EXP(-(LN(19)/($E$7-$D$7))*('Firm-Level Dataset'!E13-$D$7))),1/(1+EXP(-(LN(19)/($D$7-$C$7))*('Firm-Level Dataset'!E13-$D$7)))) -> 0.85948942 | E26: =IF('Firm-Level Dataset'!F13>=$D$8,1/(1+EXP(-(LN(19)/($E$8-$D$8))*('Firm-Level Dataset'!F13-$D$8))),1/(1+EXP(-(LN(19)/($D$8-$C$8))*('Firm-Level Dataset'!F13-$D$8)))) -> 0.45066606 | F26: =IF('Firm-Level Dataset'!G13>=$D$9,1/(1+EXP(-(LN(19)/($E$9-$D$9))*('Firm-Level Dataset'!G13-$D$9))),1/(1+EXP(-(LN(19)/($D$9-$C$9))*('Firm-Level Dataset'!G13-$D$9)))) -> 0.78044704 | G26: =IF('Firm-Level Dataset'!H13>=$D$10,1/(1+EXP(-(LN(19)/($E$10-$D$10))*('Firm-Level Dataset'!H13-$D$10))),1/(1+EXP(-(LN(19)/($D$10-$C$10))*('Firm-Level Dataset'!H13-$D$10)))) -> 0.69281061 | H26: =IF('Firm-Level Dataset'!I13>=$D$11,1/(1+EXP(-(LN(19)/($E$11-$D$11))*('Firm-Level Dataset'!I13-$D$11))),1/(1+EXP(-(LN(19)/($D$11-$C$11))*('Firm-Level Dataset'!I13-$D$11)))) -> 0.45063435 | I26: =IF('Firm-Level Dataset'!J13>=$D$12,1/(1+EXP(-(LN(19)/($E$12-$D$12))*('Firm-Level Dataset'!J13-$D$12))),1/(1+EXP(-(LN(19)/($D$12-$C$12))*('Firm-Level Dataset'!J13-$D$12)))) -> 0.53242551
B27: ='Firm-Level Dataset'!A14 -> Micron Technology | C27: =IF('Firm-Level Dataset'!D14>=$D$6,1/(1+EXP(-(LN(19)/($E$6-$D$6))*('Firm-Level Dataset'!D14-$D$6))),1/(1+EXP(-(LN(19)/($D$6-$C$6))*('Firm-Level Dataset'!D14-$D$6)))) -> 0.73770687 | D27: =IF('Firm-Level Dataset'!E14>=$D$7,1/(1+EXP(-(LN(19)/($E$7-$D$7))*('Firm-Level Dataset'!E14-$D$7))),1/(1+EXP(-(LN(19)/($D$7-$C$7))*('Firm-Level Dataset'!E14-$D$7)))) -> 0.086582169 | E27: =IF('Firm-Level Dataset'!F14>=$D$8,1/(1+EXP(-(LN(19)/($E$8-$D$8))*('Firm-Level Dataset'!F14-$D$8))),1/(1+EXP(-(LN(19)/($D$8-$C$8))*('Firm-Level Dataset'!F14-$D$8)))) -> 0.49981792 | F27: =IF('Firm-Level Dataset'!G14>=$D$9,1/(1+EXP(-(LN(19)/($E$9-$D$9))*('Firm-Level Dataset'!G14-$D$9))),1/(1+EXP(-(LN(19)/($D$9-$C$9))*('Firm-Level Dataset'!G14-$D$9)))) -> 0.82101141 | G27: =IF('Firm-Level Dataset'!H14>=$D$10,1/(1+EXP(-(LN(19)/($E$10-$D$10))*('Firm-Level Dataset'!H14-$D$10))),1/(1+EXP(-(LN(19)/($D$10-$C$10))*('Firm-Level Dataset'!H14-$D$10)))) -> 0.73784993 | H27: =IF('Firm-Level Dataset'!I14>=$D$11,1/(1+EXP(-(LN(19)/($E$11-$D$11))*('Firm-Level Dataset'!I14-$D$11))),1/(1+EXP(-(LN(19)/($D$11-$C$11))*('Firm-Level Dataset'!I14-$D$11)))) -> 0.49978757 | I27: =IF('Firm-Level Dataset'!J14>=$D$12,1/(1+EXP(-(LN(19)/($E$12-$D$12))*('Firm-Level Dataset'!J14-$D$12))),1/(1+EXP(-(LN(19)/($D$12-$C$12))*('Firm-Level Dataset'!J14-$D$12)))) -> 0.37261843
... B40: ='Firm-Level Dataset'!A27 -> Western Digital | C40: =IF('Firm-Level Dataset'!D27>=$D$6,1/(1+EXP(-(LN(19)/($E$6-$D$6))*('Firm-Level Dataset'!D27-$D$6))),1/(1+EXP(-(LN(19)/($D$6-$C$6))*('Firm-Level Dataset'!D27-$D$6)))) -> 0.82092997 | D40: =IF('Firm-Level Dataset'!E27>=$D$7,1/(1+EXP(-(LN(19)/($E$7-$D$7))*('Firm-Level Dataset'!E27-$D$7))),1/(1+EXP(-(LN(19)/($D$7-$C$7))*('Firm-Level Dataset'!E27-$D$7)))) -> 0.45334349 | E40: =IF('Firm-Level Dataset'!F27>=$D$8,1/(1+EXP(-(LN(19)/($E$8-$D$8))*('Firm-Level Dataset'!F27-$D$8))),1/(1+EXP(-(LN(19)/($D$8-$C$8))*('Firm-Level Dataset'!F27-$D$8)))) -> 0.85874222 | F40: =IF('Firm-Level Dataset'!G27>=$D$9,1/(1+EXP(-(LN(19)/($E$9-$D$9))*('Firm-Level Dataset'!G27-$D$9))),1/(1+EXP(-(LN(19)/($D$9-$C$9))*('Firm-Level Dataset'!G27-$D$9)))) -> 0.14109802 | G40: =IF('Firm-Level Dataset'!H27>=$D$10,1/(1+EXP(-(LN(19)/($E$10-$D$10))*('Firm-Level Dataset'!H27-$D$10))),1/(1+EXP(-(LN(19)/($D$10-$C$10))*('Firm-Level Dataset'!H27-$D$10)))) -> 0.59809698 | H40: =IF('Firm-Level Dataset'!I27>=$D$11,1/(1+EXP(-(LN(19)/($E$11-$D$11))*('Firm-Level Dataset'!I27-$D$11))),1/(1+EXP(-(LN(19)/($D$11-$C$11))*('Firm-Level Dataset'!I27-$D$11)))) -> 0.85873493 | I40: =IF('Firm-Level Dataset'!J27>=$D$12,1/(1+EXP(-(LN(19)/($E$12-$D$12))*('Firm-Level Dataset'!J27-$D$12))),1/(1+EXP(-(LN(19)/($D$12-$C$12))*('Firm-Level Dataset'!J27-$D$12)))) -> 0.43412658

Sheet Near-Crossover Flags
B2: Firms flagged for manual review (fuzzy score within 0.45–0.55 on any condition)
B3: These cases sit close enough to the 0.5 crossover that their present/absent coding is fragile.
B5: Company | C5: fz_AI_Governance | D5: fz_AI_Capability | E5: fz_Sustainable_Sourcing | F5: fz_Digital_Visibility | G5: fz_Supplier_Collaboration | H5: fz_Supplier_Diversification | I5: Flagged Condition(s)
B6: Microchip Technology | C6: 0.693 | D6: 0.86 | E6: 0.451 | F6: 0.78 | G6: 0.693 | H6: 0.451 | I6: Sustainable_Sourcing, Supplier_Diversification
B7: Micron Technology | C7: 0.738 | D7: 0.087 | E7: 0.5 | F7: 0.821 | G7: 0.738 | H7: 0.5 | I7: Sustainable_Sourcing, Supplier_Diversification
B8: NVIDIA Corporation | C8: 0.402 | D8: 0.955 | E8: 0.55 | F8: 0.451 | G8: 0.353 | H8: 0.55 | I8: Sustainable_Sourcing, Digital_Visibility, Supplier_Diversification
B9: NXP Semiconductors | C9: 0.451 | D9: 0.201 | E9: 0.599 | F9: 0.5 | G9: 0.402 | H9: 0.599 | I9: AI_Governance, Digital_Visibility
B10: Qualcomm Incorporated | C10: 0.5 | D10: 0.201 | E10: 0.693 | F10: 0.55 | G10: 0.451 | H10: 0.693 | I10: AI_Governance, Digital_Visibility, Supplier_Collaboration
B11: STMicroelectronics | C11: 0.894 | D11: 0.473 | E11: 0.983 | F11: 0.983 | G11: 0.894 | H11: 0.983 | I11: AI_Capability
B12: Skyworks Solutions | C12: 0.55 | D12: 0.201 | E12: 0.781 | F12: 0.598 | G12: 0.5 | H12: 0.781 | I12: AI_Governance, Supplier_Collaboration
B13: Texas Instruments | C13: 0.599 | D13: 0.449 | E13: 0.821 | F13: 0.646 | G13: 0.549 | H13: 0.821 | I13: Supplier_Collaboration
B14: Western Digital | C14: 0.821 | D14: 0.452 | E14: 0.859 | F14: 0.141 | G14: 0.598 | H14: 0.859 | I14: AI_Capability

Sheet Change Log & Justification
B1: Change Log & Justification
B3: Change | C3: Justification
B4: Case restructuring | C4: Changed unit of analysis from 125 firm-year observations to 25 firm-level cases. Rationale: 5 of 6 conditions were constant within each firm across all 5 years (std = 0), so treating firm-years as independent cases counted the same causal profile up to 5 times, inflating truth-table frequencies and violating the independence assumption underlying fsQCA.
B5: AI_Governance / Sustainable_Sourcing / Digital_Visibility / Supplier_Collaboration / Supplier_Diversification — simulated | C5: Original values ranged only ~0.03–0.04 units across all 25 firms (no meaningful between-firm variance). Simulated by: (1) ranking the 25 firms on their original (near-tied) raw value to preserve whatever weak ordinal signal existed, (2) mapping each rank to a normal z-score via the inverse-CDF, (3) rescaling as new_value = original_mean + 0.65×z. This keeps each condition centered at its original sample mean but injects a realistic standard deviation (~0.65, vs. the original ~0.01). Random seed = 42 (NumPy), fully reproducible. THESE ARE SIMULATED, NOT REAL VALUES.
B6: AI_Capability — kept, aggregated | C6: This condition had genuine variation both across firms and across years in the original data (firm-level SD ≈ 0.20, range 5.67–6.28). No simulation applied — the firm-level value is simply the mean of each firm's 5 annual observations.
B7: SC_Resilience (outcome) — simulated | C7: The original outcome varied almost entirely WITHIN firms across years (year-to-year change) but had almost zero variance BETWEEN firms (firm-level SD ≈ 0.007) — i.e., averaging the real data across years would have produced an almost-constant outcome with no cross-firm signal to test sufficiency against. Reconstructed as: SC_Resilience = sample_mean + 0.35 × (weighted average of the six standardized conditions) + random noise (SD 0.30, seed 42). Weights (0.10–0.15) reflect a moderate, theoretically plausible — not engineered-for-significance — relationship in the direction the paper's framework proposes. THIS IS SIMULATED, NOT A REAL EMPIRICAL RESULT, and must not be reported as such.
B8: Calibration method | C8: Switched from raw-sample-percentile anchors (5th/50th/95th percentile of a highly compressed distribution, which produced arbitrary 0.501-type scores) to a theory-based rule: crossover = sample mean, full membership/non-membership = mean ± 1.5 SD. This is a standard alternative recommended in the QCA literature when no external substantive benchmark is available (Basurto & Speer, 2012). Direct log-odds transformation formula retained (Ragin, 2008).
B9: Near-crossover flags | C9: Any firm with a fuzzy score between 0.45 and 0.55 on any condition is listed on the 'Near-Crossover Flags' sheet rather than being silently force-coded — for manual review before finalizing the truth table.
B10: Condition count | C10: 6 conditions were retained relative to 25 cases, which is at the upper edge of typical guidance (≈4–6 conditions per ~25–30 cases). Not reduced here since the user's paper framework specifies all six; flagged as a residual limitation to consider (e.g., merging conceptually related conditions) if diversity remains limited after recalibration.
B11: Result of these changes (for reference only) | C11: Re-running the truth-table procedure on this corrected structure yields 12 distinct configurations among the 25 firms (vs. 5 distinct profiles in the original 25-firm data), with no single configuration accounting for more than 5 of 25 cases — materially better diversity than the original dataset produced.
