Workbook

Sheet Read Me
B2: 10-Year Panel fsQCA Dataset (Simulated, Time-Varying)
B3: 25 firms x 10 years (2015-2024) = 250 cases — all six conditions now vary by firm AND year
B6: ACADEMIC INTEGRITY NOTICE
B7: Every value in this panel is SIMULATED to demonstrate how a time-varying fsQCA dataset should be structured. Do not present as real empirical findings.
B9: DESIGN LOGIC
B10: AI Governance: S-curve, inflection ~2020 (formal AI governance frameworks emerged post-2020).
B11: AI Capability: steady, accelerating rise across the decade (tracks real-world AI capability growth).
B12: Sustainable Sourcing: gradual, near-linear rise (steady ESG/regulatory pressure).
B13: Digital Visibility: S-curve, inflection ~2020 (COVID-driven digitization of supply chains).
B14: Supplier Collaboration: gradual rise plus a 2020-2021 bump (COVID forced closer coordination).
B15: Supplier Diversification: flat until 2020, sharp rise 2020-2022, then plateau (COVID/geopolitical reshoring wave).
B16: SC Resilience (outcome): rising secular trend, with a dip in 2020-2021 (COVID shock) before recovering to new highs — firms with higher AI Capability at the time of the shock recovered faster.
... B26: PRI consistency — a corrected version of raw consistency that penalizes cases where the same configuration overlaps both the outcome and its negation, catching contradictions that raw consistency alone can hide.

Sheet Panel Dataset
A1: Company | B1: Year | C1: AI_Governance | D1: AI_Capability | E1: Sustainable_Sourcing | F1: Digital_Visibility | G1: Supplier_Collaboration | H1: Supplier_Diversification | I1: SC_Resilience
A2: ASML Holding N.V. | B2: 2015 | C2: 3.059 | D2: 5.107 | E2: 3.274 | F2: 2.772 | G2: 4.663 | H2: 2.785 | I2: 6.024
A3: ASML Holding N.V. | B3: 2016 | C3: 3.427 | D3: 5.53 | E3: 3.532 | F3: 2.686 | G3: 4.9 | H3: 2.947 | I3: 5.906
A4: ASML Holding N.V. | B4: 2017 | C4: 3.481 | D4: 6.257 | E4: 3.935 | F4: 2.816 | G4: 5.301 | H4: 2.791 | I4: 6.144
A5: ASML Holding N.V. | B5: 2018 | C5: 3.679 | D5: 6.53 | E5: 4.043 | F5: 3.151 | G5: 5.343 | H5: 3.343 | I5: 6.224
A6: ASML Holding N.V. | B6: 2019 | C6: 4.01 | D6: 6.79 | E6: 4.491 | F6: 3.731 | G6: 5.826 | H6: 3.68 | I6: 6.656
A7: ASML Holding N.V. | B7: 2020 | C7: 4.954 | D7: 7.346 | E7: 4.617 | F7: 4.408 | G7: 6.645 | H7: 4.592 | I7: 6.09
A8: ASML Holding N.V. | B8: 2021 | C8: 5.661 | D8: 7.969 | E8: 4.957 | F8: 5.346 | G8: 6.642 | H8: 5.578 | I8: 6.894
A9: ASML Holding N.V. | B9: 2022 | C9: 6.415 | D9: 8.456 | E9: 5.113 | F9: 6.056 | G9: 6.315 | H9: 5.759 | I9: 7.386
A10: ASML Holding N.V. | B10: 2023 | C10: 6.59 | D10: 9.054 | E10: 5.519 | F10: 6.515 | G10: 6.928 | H10: 6.084 | I10: 7.399
A11: ASML Holding N.V. | B11: 2024 | C11: 6.841 | D11: 9.451 | E11: 5.759 | F11: 6.357 | G11: 7.114 | H11: 6.023 | I11: 7.159
A12: Advanced Micro Devices | B12: 2015 | C12: 2.981 | D12: 5.88 | E12: 3.447 | F12: 3.045 | G12: 3.366 | H12: 3.003 | I12: 5.886
A13: Advanced Micro Devices | B13: 2016 | C13: 2.996 | D13: 5.993 | E13: 3.766 | F13: 2.91 | G13: 3.533 | H13: 3.14 | I13: 6.136
... A251: Western Digital | B251: 2024 | C251: 8.02 | D251: 9.715 | E251: 7.504 | F251: 6.991 | G251: 6.883 | H251: 7.932 | I251: 7.5

Sheet Fuzzy Calibration
B2: Calibration Anchors (theory-based: pooled mean ± 1.5 SD across all 250 cases)
B4: Condition | C4: Full Non-Membership (0.05) | D4: Crossover (0.50) | E4: Full Membership (0.95)
B5: AI_Governance | C5: =AVERAGE('Panel Dataset'!C2:C251)-1.5*STDEV('Panel Dataset'!C2:C251) -> 3.2161636 | D5: =AVERAGE('Panel Dataset'!C2:C251) -> 5.574396 | E5: =AVERAGE('Panel Dataset'!C2:C251)+1.5*STDEV('Panel Dataset'!C2:C251) -> 7.9326284
B6: AI_Capability | C6: =AVERAGE('Panel Dataset'!D2:D251)-1.5*STDEV('Panel Dataset'!D2:D251) -> 4.7180115 | D6: =AVERAGE('Panel Dataset'!D2:D251) -> 7.11712 | E6: =AVERAGE('Panel Dataset'!D2:D251)+1.5*STDEV('Panel Dataset'!D2:D251) -> 9.5162285
B7: Sustainable_Sourcing | C7: =AVERAGE('Panel Dataset'!E2:E251)-1.5*STDEV('Panel Dataset'!E2:E251) -> 4.1670389 | D7: =AVERAGE('Panel Dataset'!E2:E251) -> 5.70592 | E7: =AVERAGE('Panel Dataset'!E2:E251)+1.5*STDEV('Panel Dataset'!E2:E251) -> 7.2448011
B8: Digital_Visibility | C8: =AVERAGE('Panel Dataset'!F2:F251)-1.5*STDEV('Panel Dataset'!F2:F251) -> 3.2636357 | D8: =AVERAGE('Panel Dataset'!F2:F251) -> 5.63522 | E8: =AVERAGE('Panel Dataset'!F2:F251)+1.5*STDEV('Panel Dataset'!F2:F251) -> 8.0068043
B9: Supplier_Collaboration | C9: =AVERAGE('Panel Dataset'!G2:G251)-1.5*STDEV('Panel Dataset'!G2:G251) -> 3.9463057 | D9: =AVERAGE('Panel Dataset'!G2:G251) -> 5.496712 | E9: =AVERAGE('Panel Dataset'!G2:G251)+1.5*STDEV('Panel Dataset'!G2:G251) -> 7.0471183
B10: Supplier_Diversification | C10: =AVERAGE('Panel Dataset'!H2:H251)-1.5*STDEV('Panel Dataset'!H2:H251) -> 3.1305491 | D10: =AVERAGE('Panel Dataset'!H2:H251) -> 5.459788 | E10: =AVERAGE('Panel Dataset'!H2:H251)+1.5*STDEV('Panel Dataset'!H2:H251) -> 7.7890269
B11: SC_Resilience | C11: =AVERAGE('Panel Dataset'!I2:I251)-1.5*STDEV('Panel Dataset'!I2:I251) -> 5.8928817 | D11: =AVERAGE('Panel Dataset'!I2:I251) -> 6.648752 | E11: =AVERAGE('Panel Dataset'!I2:I251)+1.5*STDEV('Panel Dataset'!I2:I251) -> 7.4046223
B15: Calibrated Fuzzy-Set Membership Scores (live formulas)
B16: Company | C16: Year | D16: fz_AI_Governance | E16: fz_AI_Capability | F16: fz_Sustainable_Sourcing | G16: fz_Digital_Visibility | H16: fz_Supplier_Collaboration | I16: fz_Supplier_Diversification | J16: fz_SC_Resilience
B17: ='Panel Dataset'!A2 -> ASML Holding N.V. | C17: ='Panel Dataset'!B2 -> 2015 | D17: =IF('Panel Dataset'!C2>=$D$5,1/(1+EXP(-(LN(19)/($E$5-$D$5))*('Panel Dataset'!C2-$D$5))),1/(1+EXP(-(LN(19)/($D$5-$C$5))*('Panel Dataset'!C2-$D$5)))) -> 0.041460478 | E17: =IF('Panel Dataset'!D2>=$D$6,1/(1+EXP(-(LN(19)/($E$6-$D$6))*('Panel Dataset'!D2-$D$6))),1/(1+EXP(-(LN(19)/($D$6-$C$6))*('Panel Dataset'!D2-$D$6)))) -> 0.078201972 | F17: =IF('Panel Dataset'!E2>=$D$7,1/(1+EXP(-(LN(19)/($E$7-$D$7))*('Panel Dataset'!E2-$D$7))),1/(1+EXP(-(LN(19)/($D$7-$C$7))*('Panel Dataset'!E2-$D$7)))) -> 0.0094415666 | G17: =IF('Panel Dataset'!F2>=$D$8,1/(1+EXP(-(LN(19)/($E$8-$D$8))*('Panel Dataset'!F2-$D$8))),1/(1+EXP(-(LN(19)/($D$8-$C$8))*('Panel Dataset'!F2-$D$8)))) -> 0.027791801 | H17: =IF('Panel Dataset'!G2>=$D$9,1/(1+EXP(-(LN(19)/($E$9-$D$9))*('Panel Dataset'!G2-$D$9))),1/(1+EXP(-(LN(19)/($D$9-$C$9))*('Panel Dataset'!G2-$D$9)))) -> 0.17032355 | I17: =IF('Panel Dataset'!H2>=$D$10,1/(1+EXP(-(LN(19)/($E$10-$D$10))*('Panel Dataset'!H2-$D$10))),1/(1+EXP(-(LN(19)/($D$10-$C$10))*('Panel Dataset'!H2-$D$10)))) -> 0.032886465 | J17: =IF('Panel Dataset'!I2>=$D$11,1/(1+EXP(-(LN(19)/($E$11-$D$11))*('Panel Dataset'!I2-$D$11))),1/(1+EXP(-(LN(19)/($D$11-$C$11))*('Panel Dataset'!I2-$D$11)))) -> 0.080640447
B18: ='Panel Dataset'!A3 -> ASML Holding N.V. | C18: ='Panel Dataset'!B3 -> 2016 | D18: =IF('Panel Dataset'!C3>=$D$5,1/(1+EXP(-(LN(19)/($E$5-$D$5))*('Panel Dataset'!C3-$D$5))),1/(1+EXP(-(LN(19)/($D$5-$C$5))*('Panel Dataset'!C3-$D$5)))) -> 0.064092269 | E18: =IF('Panel Dataset'!D3>=$D$6,1/(1+EXP(-(LN(19)/($E$6-$D$6))*('Panel Dataset'!D3-$D$6))),1/(1+EXP(-(LN(19)/($D$6-$C$6))*('Panel Dataset'!D3-$D$6)))) -> 0.12478459 | F18: =IF('Panel Dataset'!E3>=$D$7,1/(1+EXP(-(LN(19)/($E$7-$D$7))*('Panel Dataset'!E3-$D$7))),1/(1+EXP(-(LN(19)/($D$7-$C$7))*('Panel Dataset'!E3-$D$7)))) -> 0.015375286 | G18: =IF('Panel Dataset'!F3>=$D$8,1/(1+EXP(-(LN(19)/($E$8-$D$8))*('Panel Dataset'!F3-$D$8))),1/(1+EXP(-(LN(19)/($D$8-$C$8))*('Panel Dataset'!F3-$D$8)))) -> 0.025047807 | H18: =IF('Panel Dataset'!G3>=$D$9,1/(1+EXP(-(LN(19)/($E$9-$D$9))*('Panel Dataset'!G3-$D$9))),1/(1+EXP(-(LN(19)/($D$9-$C$9))*('Panel Dataset'!G3-$D$9)))) -> 0.24356371 | I18: =IF('Panel Dataset'!H3>=$D$10,1/(1+EXP(-(LN(19)/($E$10-$D$10))*('Panel Dataset'!H3-$D$10))),1/(1+EXP(-(LN(19)/($D$10-$C$10))*('Panel Dataset'!H3-$D$10)))) -> 0.040060972 | J18: =IF('Panel Dataset'!I3>=$D$11,1/(1+EXP(-(LN(19)/($E$11-$D$11))*('Panel Dataset'!I3-$D$11))),1/(1+EXP(-(LN(19)/($D$11-$C$11))*('Panel Dataset'!I3-$D$11)))) -> 0.052483896
B19: ='Panel Dataset'!A4 -> ASML Holding N.V. | C19: ='Panel Dataset'!B4 -> 2017 | D19: =IF('Panel Dataset'!C4>=$D$5,1/(1+EXP(-(LN(19)/($E$5-$D$5))*('Panel Dataset'!C4-$D$5))),1/(1+EXP(-(LN(19)/($D$5-$C$5))*('Panel Dataset'!C4-$D$5)))) -> 0.068257454 | E19: =IF('Panel Dataset'!D4>=$D$6,1/(1+EXP(-(LN(19)/($E$6-$D$6))*('Panel Dataset'!D4-$D$6))),1/(1+EXP(-(LN(19)/($D$6-$C$6))*('Panel Dataset'!D4-$D$6)))) -> 0.25814546 | F19: =IF('Panel Dataset'!E4>=$D$7,1/(1+EXP(-(LN(19)/($E$7-$D$7))*('Panel Dataset'!E4-$D$7))),1/(1+EXP(-(LN(19)/($D$7-$C$7))*('Panel Dataset'!E4-$D$7)))) -> 0.032659535 | G19: =IF('Panel Dataset'!F4>=$D$8,1/(1+EXP(-(LN(19)/($E$8-$D$8))*('Panel Dataset'!F4-$D$8))),1/(1+EXP(-(LN(19)/($D$8-$C$8))*('Panel Dataset'!F4-$D$8)))) -> 0.02930652 | H19: =IF('Panel Dataset'!G4>=$D$9,1/(1+EXP(-(LN(19)/($E$9-$D$9))*('Panel Dataset'!G4-$D$9))),1/(1+EXP(-(LN(19)/($D$9-$C$9))*('Panel Dataset'!G4-$D$9)))) -> 0.40813404 | I19: =IF('Panel Dataset'!H4>=$D$10,1/(1+EXP(-(LN(19)/($E$10-$D$10))*('Panel Dataset'!H4-$D$10))),1/(1+EXP(-(LN(19)/($D$10-$C$10))*('Panel Dataset'!H4-$D$10)))) -> 0.033128554 | J19: =IF('Panel Dataset'!I4>=$D$11,1/(1+EXP(-(LN(19)/($E$11-$D$11))*('Panel Dataset'!I4-$D$11))),1/(1+EXP(-(LN(19)/($D$11-$C$11))*('Panel Dataset'!I4-$D$11)))) -> 0.12279488
B20: ='Panel Dataset'!A5 -> ASML Holding N.V. | C20: ='Panel Dataset'!B5 -> 2018 | D20: =IF('Panel Dataset'!C5>=$D$5,1/(1+EXP(-(LN(19)/($E$5-$D$5))*('Panel Dataset'!C5-$D$5))),1/(1+EXP(-(LN(19)/($D$5-$C$5))*('Panel Dataset'!C5-$D$5)))) -> 0.085759148 | E20: =IF('Panel Dataset'!D5>=$D$6,1/(1+EXP(-(LN(19)/($E$6-$D$6))*('Panel Dataset'!D5-$D$6))),1/(1+EXP(-(LN(19)/($D$6-$C$6))*('Panel Dataset'!D5-$D$6)))) -> 0.32726625 | F20: =IF('Panel Dataset'!E5>=$D$7,1/(1+EXP(-(LN(19)/($E$7-$D$7))*('Panel Dataset'!E5-$D$7))),1/(1+EXP(-(LN(19)/($D$7-$C$7))*('Panel Dataset'!E5-$D$7)))) -> 0.039857527 | G20: =IF('Panel Dataset'!F5>=$D$8,1/(1+EXP(-(LN(19)/($E$8-$D$8))*('Panel Dataset'!F5-$D$8))),1/(1+EXP(-(LN(19)/($D$8-$C$8))*('Panel Dataset'!F5-$D$8)))) -> 0.043760295 | H20: =IF('Panel Dataset'!G5>=$D$9,1/(1+EXP(-(LN(19)/($E$9-$D$9))*('Panel Dataset'!G5-$D$9))),1/(1+EXP(-(LN(19)/($D$9-$C$9))*('Panel Dataset'!G5-$D$9)))) -> 0.42753373 | I20: =IF('Panel Dataset'!H5>=$D$10,1/(1+EXP(-(LN(19)/($E$10-$D$10))*('Panel Dataset'!H5-$D$10))),1/(1+EXP(-(LN(19)/($D$10-$C$10))*('Panel Dataset'!H5-$D$10)))) -> 0.064411992 | J20: =IF('Panel Dataset'!I5>=$D$11,1/(1+EXP(-(LN(19)/($E$11-$D$11))*('Panel Dataset'!I5-$D$11))),1/(1+EXP(-(LN(19)/($D$11-$C$11))*('Panel Dataset'!I5-$D$11)))) -> 0.1604894
B21: ='Panel Dataset'!A6 -> ASML Holding N.V. | C21: ='Panel Dataset'!B6 -> 2019 | D21: =IF('Panel Dataset'!C6>=$D$5,1/(1+EXP(-(LN(19)/($E$5-$D$5))*('Panel Dataset'!C6-$D$5))),1/(1+EXP(-(LN(19)/($D$5-$C$5))*('Panel Dataset'!C6-$D$5)))) -> 0.12419705 | E21: =IF('Panel Dataset'!D6>=$D$6,1/(1+EXP(-(LN(19)/($E$6-$D$6))*('Panel Dataset'!D6-$D$6))),1/(1+EXP(-(LN(19)/($D$6-$C$6))*('Panel Dataset'!D6-$D$6)))) -> 0.40095773 | F21: =IF('Panel Dataset'!E6>=$D$7,1/(1+EXP(-(LN(19)/($E$7-$D$7))*('Panel Dataset'!E6-$D$7))),1/(1+EXP(-(LN(19)/($D$7-$C$7))*('Panel Dataset'!E6-$D$7)))) -> 0.089107322 | G21: =IF('Panel Dataset'!F6>=$D$8,1/(1+EXP(-(LN(19)/($E$8-$D$8))*('Panel Dataset'!F6-$D$8))),1/(1+EXP(-(LN(19)/($D$8-$C$8))*('Panel Dataset'!F6-$D$8)))) -> 0.085945008 | H21: =IF('Panel Dataset'!G6>=$D$9,1/(1+EXP(-(LN(19)/($E$9-$D$9))*('Panel Dataset'!G6-$D$9))),1/(1+EXP(-(LN(19)/($D$9-$C$9))*('Panel Dataset'!G6-$D$9)))) -> 0.65143754 | I21: =IF('Panel Dataset'!H6>=$D$10,1/(1+EXP(-(LN(19)/($E$10-$D$10))*('Panel Dataset'!H6-$D$10))),1/(1+EXP(-(LN(19)/($D$10-$C$10))*('Panel Dataset'!H6-$D$10)))) -> 0.09536096 | J21: =IF('Panel Dataset'!I6>=$D$11,1/(1+EXP(-(LN(19)/($E$11-$D$11))*('Panel Dataset'!I6-$D$11))),1/(1+EXP(-(LN(19)/($D$11-$C$11))*('Panel Dataset'!I6-$D$11)))) -> 0.50705805
B22: ='Panel Dataset'!A7 -> ASML Holding N.V. | C22: ='Panel Dataset'!B7 -> 2020 | D22: =IF('Panel Dataset'!C7>=$D$5,1/(1+EXP(-(LN(19)/($E$5-$D$5))*('Panel Dataset'!C7-$D$5))),1/(1+EXP(-(LN(19)/($D$5-$C$5))*('Panel Dataset'!C7-$D$5)))) -> 0.315482 | E22: =IF('Panel Dataset'!D7>=$D$6,1/(1+EXP(-(LN(19)/($E$6-$D$6))*('Panel Dataset'!D7-$D$6))),1/(1+EXP(-(LN(19)/($D$6-$C$6))*('Panel Dataset'!D7-$D$6)))) -> 0.56976825 | F22: =IF('Panel Dataset'!E7>=$D$7,1/(1+EXP(-(LN(19)/($E$7-$D$7))*('Panel Dataset'!E7-$D$7))),1/(1+EXP(-(LN(19)/($D$7-$C$7))*('Panel Dataset'!E7-$D$7)))) -> 0.11071093 | G22: =IF('Panel Dataset'!F7>=$D$8,1/(1+EXP(-(LN(19)/($E$8-$D$8))*('Panel Dataset'!F7-$D$8))),1/(1+EXP(-(LN(19)/($D$8-$C$8))*('Panel Dataset'!F7-$D$8)))) -> 0.17892405 | H22: =IF('Panel Dataset'!G7>=$D$9,1/(1+EXP(-(LN(19)/($E$9-$D$9))*('Panel Dataset'!G7-$D$9))),1/(1+EXP(-(LN(19)/($D$9-$C$9))*('Panel Dataset'!G7-$D$9)))) -> 0.89850839 | I22: =IF('Panel Dataset'!H7>=$D$10,1/(1+EXP(-(LN(19)/($E$10-$D$10))*('Panel Dataset'!H7-$D$10))),1/(1+EXP(-(LN(19)/($D$10-$C$10))*('Panel Dataset'!H7-$D$10)))) -> 0.25030454 | J22: =IF('Panel Dataset'!I7>=$D$11,1/(1+EXP(-(LN(19)/($E$11-$D$11))*('Panel Dataset'!I7-$D$11))),1/(1+EXP(-(LN(19)/($D$11-$C$11))*('Panel Dataset'!I7-$D$11)))) -> 0.10187354
B23: ='Panel Dataset'!A8 -> ASML Holding N.V. | C23: ='Panel Dataset'!B8 -> 2021 | D23: =IF('Panel Dataset'!C8>=$D$5,1/(1+EXP(-(LN(19)/($E$5-$D$5))*('Panel Dataset'!C8-$D$5))),1/(1+EXP(-(LN(19)/($D$5-$C$5))*('Panel Dataset'!C8-$D$5)))) -> 0.52700667 | E23: =IF('Panel Dataset'!D8>=$D$6,1/(1+EXP(-(LN(19)/($E$6-$D$6))*('Panel Dataset'!D8-$D$6))),1/(1+EXP(-(LN(19)/($D$6-$C$6))*('Panel Dataset'!D8-$D$6)))) -> 0.73991311 | F23: =IF('Panel Dataset'!E8>=$D$7,1/(1+EXP(-(LN(19)/($E$7-$D$7))*('Panel Dataset'!E8-$D$7))),1/(1+EXP(-(LN(19)/($D$7-$C$7))*('Panel Dataset'!E8-$D$7)))) -> 0.19263849 | G23: =IF('Panel Dataset'!F8>=$D$8,1/(1+EXP(-(LN(19)/($E$8-$D$8))*('Panel Dataset'!F8-$D$8))),1/(1+EXP(-(LN(19)/($D$8-$C$8))*('Panel Dataset'!F8-$D$8)))) -> 0.41118207 | H23: =IF('Panel Dataset'!G8>=$D$9,1/(1+EXP(-(LN(19)/($E$9-$D$9))*('Panel Dataset'!G8-$D$9))),1/(1+EXP(-(LN(19)/($D$9-$C$9))*('Panel Dataset'!G8-$D$9)))) -> 0.89798765 | I23: =IF('Panel Dataset'!H8>=$D$10,1/(1+EXP(-(LN(19)/($E$10-$D$10))*('Panel Dataset'!H8-$D$10))),1/(1+EXP(-(LN(19)/($D$10-$C$10))*('Panel Dataset'!H8-$D$10)))) -> 0.53728919 | J23: =IF('Panel Dataset'!I8>=$D$11,1/(1+EXP(-(LN(19)/($E$11-$D$11))*('Panel Dataset'!I8-$D$11))),1/(1+EXP(-(LN(19)/($D$11-$C$11))*('Panel Dataset'!I8-$D$11)))) -> 0.72218906
B24: ='Panel Dataset'!A9 -> ASML Holding N.V. | C24: ='Panel Dataset'!B9 -> 2022 | D24: =IF('Panel Dataset'!C9>=$D$5,1/(1+EXP(-(LN(19)/($E$5-$D$5))*('Panel Dataset'!C9-$D$5))),1/(1+EXP(-(LN(19)/($D$5-$C$5))*('Panel Dataset'!C9-$D$5)))) -> 0.74069046 | E24: =IF('Panel Dataset'!D9>=$D$6,1/(1+EXP(-(LN(19)/($E$6-$D$6))*('Panel Dataset'!D9-$D$6))),1/(1+EXP(-(LN(19)/($D$6-$C$6))*('Panel Dataset'!D9-$D$6)))) -> 0.83797189 | F24: =IF('Panel Dataset'!E9>=$D$7,1/(1+EXP(-(LN(19)/($E$7-$D$7))*('Panel Dataset'!E9-$D$7))),1/(1+EXP(-(LN(19)/($D$7-$C$7))*('Panel Dataset'!E9-$D$7)))) -> 0.24333685 | G24: =IF('Panel Dataset'!F9>=$D$8,1/(1+EXP(-(LN(19)/($E$8-$D$8))*('Panel Dataset'!F9-$D$8))),1/(1+EXP(-(LN(19)/($D$8-$C$8))*('Panel Dataset'!F9-$D$8)))) -> 0.62771327 | H24: =IF('Panel Dataset'!G9>=$D$9,1/(1+EXP(-(LN(19)/($E$9-$D$9))*('Panel Dataset'!G9-$D$9))),1/(1+EXP(-(LN(19)/($D$9-$C$9))*('Panel Dataset'!G9-$D$9)))) -> 0.82549699 | I24: =IF('Panel Dataset'!H9>=$D$10,1/(1+EXP(-(LN(19)/($E$10-$D$10))*('Panel Dataset'!H9-$D$10))),1/(1+EXP(-(LN(19)/($D$10-$C$10))*('Panel Dataset'!H9-$D$10)))) -> 0.59344856 | J24: =IF('Panel Dataset'!I9>=$D$11,1/(1+EXP(-(LN(19)/($E$11-$D$11))*('Panel Dataset'!I9-$D$11))),1/(1+EXP(-(LN(19)/($D$11-$C$11))*('Panel Dataset'!I9-$D$11)))) -> 0.9464396
B25: ='Panel Dataset'!A10 -> ASML Holding N.V. | C25: ='Panel Dataset'!B10 -> 2023 | D25: =IF('Panel Dataset'!C10>=$D$5,1/(1+EXP(-(LN(19)/($E$5-$D$5))*('Panel Dataset'!C10-$D$5))),1/(1+EXP(-(LN(19)/($D$5-$C$5))*('Panel Dataset'!C10-$D$5)))) -> 0.78041075 | E25: =IF('Panel Dataset'!D10>=$D$6,1/(1+EXP(-(LN(19)/($E$6-$D$6))*('Panel Dataset'!D10-$D$6))),1/(1+EXP(-(LN(19)/($D$6-$C$6))*('Panel Dataset'!D10-$D$6)))) -> 0.91506769 | F25: =IF('Panel Dataset'!E10>=$D$7,1/(1+EXP(-(LN(19)/($E$7-$D$7))*('Panel Dataset'!E10-$D$7))),1/(1+EXP(-(LN(19)/($D$7-$C$7))*('Panel Dataset'!E10-$D$7)))) -> 0.41152955 | G25: =IF('Panel Dataset'!F10>=$D$8,1/(1+EXP(-(LN(19)/($E$8-$D$8))*('Panel Dataset'!F10-$D$8))),1/(1+EXP(-(LN(19)/($D$8-$C$8))*('Panel Dataset'!F10-$D$8)))) -> 0.74881275 | H25: =IF('Panel Dataset'!G10>=$D$9,1/(1+EXP(-(LN(19)/($E$9-$D$9))*('Panel Dataset'!G10-$D$9))),1/(1+EXP(-(LN(19)/($D$9-$C$9))*('Panel Dataset'!G10-$D$9)))) -> 0.93809304 | I25: =IF('Panel Dataset'!H10>=$D$10,1/(1+EXP(-(LN(19)/($E$10-$D$10))*('Panel Dataset'!H10-$D$10))),1/(1+EXP(-(LN(19)/($D$10-$C$10))*('Panel Dataset'!H10-$D$10)))) -> 0.6876336 | J25: =IF('Panel Dataset'!I10>=$D$11,1/(1+EXP(-(LN(19)/($E$11-$D$11))*('Panel Dataset'!I10-$D$11))),1/(1+EXP(-(LN(19)/($D$11-$C$11))*('Panel Dataset'!I10-$D$11)))) -> 0.94894938
B26: ='Panel Dataset'!A11 -> ASML Holding N.V. | C26: ='Panel Dataset'!B11 -> 2024 | D26: =IF('Panel Dataset'!C11>=$D$5,1/(1+EXP(-(LN(19)/($E$5-$D$5))*('Panel Dataset'!C11-$D$5))),1/(1+EXP(-(LN(19)/($D$5-$C$5))*('Panel Dataset'!C11-$D$5)))) -> 0.82941047 | E26: =IF('Panel Dataset'!D11>=$D$6,1/(1+EXP(-(LN(19)/($E$6-$D$6))*('Panel Dataset'!D11-$D$6))),1/(1+EXP(-(LN(19)/($D$6-$C$6))*('Panel Dataset'!D11-$D$6)))) -> 0.94605745 | F26: =IF('Panel Dataset'!E11>=$D$7,1/(1+EXP(-(LN(19)/($E$7-$D$7))*('Panel Dataset'!E11-$D$7))),1/(1+EXP(-(LN(19)/($D$7-$C$7))*('Panel Dataset'!E11-$D$7)))) -> 0.52536853 | G26: =IF('Panel Dataset'!F11>=$D$8,1/(1+EXP(-(LN(19)/($E$8-$D$8))*('Panel Dataset'!F11-$D$8))),1/(1+EXP(-(LN(19)/($D$8-$C$8))*('Panel Dataset'!F11-$D$8)))) -> 0.71015264 | H26: =IF('Panel Dataset'!G11>=$D$9,1/(1+EXP(-(LN(19)/($E$9-$D$9))*('Panel Dataset'!G11-$D$9))),1/(1+EXP(-(LN(19)/($D$9-$C$9))*('Panel Dataset'!G11-$D$9)))) -> 0.95569988 | I26: =IF('Panel Dataset'!H11>=$D$10,1/(1+EXP(-(LN(19)/($E$10-$D$10))*('Panel Dataset'!H11-$D$10))),1/(1+EXP(-(LN(19)/($D$10-$C$10))*('Panel Dataset'!H11-$D$10)))) -> 0.67083585 | J26: =IF('Panel Dataset'!I11>=$D$11,1/(1+EXP(-(LN(19)/($E$11-$D$11))*('Panel Dataset'!I11-$D$11))),1/(1+EXP(-(LN(19)/($D$11-$C$11))*('Panel Dataset'!I11-$D$11)))) -> 0.87949268
B27: ='Panel Dataset'!A12 -> Advanced Micro Devices | C27: ='Panel Dataset'!B12 -> 2015 | D27: =IF('Panel Dataset'!C12>=$D$5,1/(1+EXP(-(LN(19)/($E$5-$D$5))*('Panel Dataset'!C12-$D$5))),1/(1+EXP(-(LN(19)/($D$5-$C$5))*('Panel Dataset'!C12-$D$5)))) -> 0.037758338 | E27: =IF('Panel Dataset'!D12>=$D$6,1/(1+EXP(-(LN(19)/($E$6-$D$6))*('Panel Dataset'!D12-$D$6))),1/(1+EXP(-(LN(19)/($D$6-$C$6))*('Panel Dataset'!D12-$D$6)))) -> 0.17970843 | F27: =IF('Panel Dataset'!E12>=$D$7,1/(1+EXP(-(LN(19)/($E$7-$D$7))*('Panel Dataset'!E12-$D$7))),1/(1+EXP(-(LN(19)/($D$7-$C$7))*('Panel Dataset'!E12-$D$7)))) -> 0.013097692 | G27: =IF('Panel Dataset'!F12>=$D$8,1/(1+EXP(-(LN(19)/($E$8-$D$8))*('Panel Dataset'!F12-$D$8))),1/(1+EXP(-(LN(19)/($D$8-$C$8))*('Panel Dataset'!F12-$D$8)))) -> 0.038572264 | H27: =IF('Panel Dataset'!G12>=$D$9,1/(1+EXP(-(LN(19)/($E$9-$D$9))*('Panel Dataset'!G12-$D$9))),1/(1+EXP(-(LN(19)/($D$9-$C$9))*('Panel Dataset'!G12-$D$9)))) -> 0.01718269 | I27: =IF('Panel Dataset'!H12>=$D$10,1/(1+EXP(-(LN(19)/($E$10-$D$10))*('Panel Dataset'!H12-$D$10))),1/(1+EXP(-(LN(19)/($D$10-$C$10))*('Panel Dataset'!H12-$D$10)))) -> 0.042873715 | J27: =IF('Panel Dataset'!I12>=$D$11,1/(1+EXP(-(LN(19)/($E$11-$D$11))*('Panel Dataset'!I12-$D$11))),1/(1+EXP(-(LN(19)/($D$11-$C$11))*('Panel Dataset'!I12-$D$11)))) -> 0.048741913
B28: ='Panel Dataset'!A13 -> Advanced Micro Devices | C28: ='Panel Dataset'!B13 -> 2016 | D28: =IF('Panel Dataset'!C13>=$D$5,1/(1+EXP(-(LN(19)/($E$5-$D$5))*('Panel Dataset'!C13-$D$5))),1/(1+EXP(-(LN(19)/($D$5-$C$5))*('Panel Dataset'!C13-$D$5)))) -> 0.038444723 | E28: =IF('Panel Dataset'!D13>=$D$6,1/(1+EXP(-(LN(19)/($E$6-$D$6))*('Panel Dataset'!D13-$D$6))),1/(1+EXP(-(LN(19)/($D$6-$C$6))*('Panel Dataset'!D13-$D$6)))) -> 0.20106704 | F28: =IF('Panel Dataset'!E13>=$D$7,1/(1+EXP(-(LN(19)/($E$7-$D$7))*('Panel Dataset'!E13-$D$7))),1/(1+EXP(-(LN(19)/($D$7-$C$7))*('Panel Dataset'!E13-$D$7)))) -> 0.023851396 | G28: =IF('Panel Dataset'!F13>=$D$8,1/(1+EXP(-(LN(19)/($E$8-$D$8))*('Panel Dataset'!F13-$D$8))),1/(1+EXP(-(LN(19)/($D$8-$C$8))*('Panel Dataset'!F13-$D$8)))) -> 0.032815284 | H28: =IF('Panel Dataset'!G13>=$D$9,1/(1+EXP(-(LN(19)/($E$9-$D$9))*('Panel Dataset'!G13-$D$9))),1/(1+EXP(-(LN(19)/($D$9-$C$9))*('Panel Dataset'!G13-$D$9)))) -> 0.023445217 | I28: =IF('Panel Dataset'!H13>=$D$10,1/(1+EXP(-(LN(19)/($E$10-$D$10))*('Panel Dataset'!H13-$D$10))),1/(1+EXP(-(LN(19)/($D$10-$C$10))*('Panel Dataset'!H13-$D$10)))) -> 0.050570548 | J28: =IF('Panel Dataset'!I13>=$D$11,1/(1+EXP(-(LN(19)/($E$11-$D$11))*('Panel Dataset'!I13-$D$11))),1/(1+EXP(-(LN(19)/($D$11-$C$11))*('Panel Dataset'!I13-$D$11)))) -> 0.11947734
... B266: ='Panel Dataset'!A251 -> Western Digital | C266: ='Panel Dataset'!B251 -> 2024 | D266: =IF('Panel Dataset'!C251>=$D$5,1/(1+EXP(-(LN(19)/($E$5-$D$5))*('Panel Dataset'!C251-$D$5))),1/(1+EXP(-(LN(19)/($D$5-$C$5))*('Panel Dataset'!C251-$D$5)))) -> 0.95493465 | E266: =IF('Panel Dataset'!D251>=$D$6,1/(1+EXP(-(LN(19)/($E$6-$D$6))*('Panel Dataset'!D251-$D$6))),1/(1+EXP(-(LN(19)/($D$6-$C$6))*('Panel Dataset'!D251-$D$6)))) -> 0.96039512 | F266: =IF('Panel Dataset'!E251>=$D$7,1/(1+EXP(-(LN(19)/($E$7-$D$7))*('Panel Dataset'!E251-$D$7))),1/(1+EXP(-(LN(19)/($D$7-$C$7))*('Panel Dataset'!E251-$D$7)))) -> 0.96894297 | G266: =IF('Panel Dataset'!F251>=$D$8,1/(1+EXP(-(LN(19)/($E$8-$D$8))*('Panel Dataset'!F251-$D$8))),1/(1+EXP(-(LN(19)/($D$8-$C$8))*('Panel Dataset'!F251-$D$8)))) -> 0.84333675 | H266: =IF('Panel Dataset'!G251>=$D$9,1/(1+EXP(-(LN(19)/($E$9-$D$9))*('Panel Dataset'!G251-$D$9))),1/(1+EXP(-(LN(19)/($D$9-$C$9))*('Panel Dataset'!G251-$D$9)))) -> 0.93294013 | I266: =IF('Panel Dataset'!H251>=$D$10,1/(1+EXP(-(LN(19)/($E$10-$D$10))*('Panel Dataset'!H251-$D$10))),1/(1+EXP(-(LN(19)/($D$10-$C$10))*('Panel Dataset'!H251-$D$10)))) -> 0.95791929 | J266: =IF('Panel Dataset'!I251>=$D$11,1/(1+EXP(-(LN(19)/($E$11-$D$11))*('Panel Dataset'!I251-$D$11))),1/(1+EXP(-(LN(19)/($D$11-$C$11))*('Panel Dataset'!I251-$D$11)))) -> 0.96497283
